{
    "state_gdp_contributions": {
        "2021-2022": {
            "Agriculture": "11678027",
            "Forestry": "539300",
            "Fishing": "2132478",
            "Ag & Allied": "14349806",

            "Mining": "916163",
            "Manufacturing": "4575797",
            "Construction": "4315795",
            "Electricity,gas and Water supply": "914684",
            "Industry": "10722440",

            "Transport": "4982616",
            "Trade,hotels and restaurants": "7121139",
            "Banking": "1775161",
            "Real estate": "5657160",
            "Public Administration": "1855918",
            "Other Services": "5538748"
        },
        "2020-2021": {
            "Agriculture": "10711198",
            "Forestry": "461605",
            "Fishing": "1749888",
            "Ag & Allied": "12922691",

            "Mining": "880472",
            "Manufacturing": "4157083",
            "Construction": "3934863",
            "Electricity,gas and Water supply": "837309",
            "Industry": "9809727",

            "Transport": "4285024",
            "Trade,hotels and restaurants": "6343736",
            "Banking": "1592266",
            "Real estate": "4986400",
            "Public Administration": "1658820",
            "Other Services": "4819691"
        },
        "2019-2020": {
            "Agriculture": "9562978",
            "Forestry": "429018",
            "Fishing": "1409276",
            "Ag & Allied": "11401272",

            "Mining": "1120449",
            "Manufacturing": "3877944",
            "Construction": "3531270",
            "Electricity,gas and Water supply": "721171",
            "Industry": "9250834",

            "Transport": "3681203",
            "Trade,hotels and restaurants": "5597295",
            "Banking": "1454565",
            "Real estate": "4247102",
            "Public Administration": "1373873",
            "Other Services": "4000668"
        }
    },
    "fields": [
        {"type": "int", "id": "_id"},
        {"type": "numeric", "id": "Sl No"},
        {"type": "text", "id": "District Name"},
        {"type": "text", "id": "Per-capita Income Current Prices 2018-19 (in Lakh) (TRE)"},
        {"type": "text", "id": "Per-capita Income Current Prices 2019-20 (in Lakh) (SRE)"},
        {"type": "text", "id": "Per-capita Income Current Prices 2020-21 (in Lakh) (FRE)"},
        {"type": "text", "id": "Per-capita Income Constant Prices 2018-19 (in Lakh) (TRE)"},
        {"type": "text", "id": "Per-capita Income Constant Prices 2019-20 (in Lakh) (SRE)"},
        {"type": "text", "id": "Per-capita Income Constant Prices 2020-21 (in Lakh) (FRE)"}
    ],
    "records": [
        [1, 1, "Srikakulam", "1,39,949", "1,62,750", "1,52,455", "95,502", "1,07,891", "94,587"],
        [2, 2, "Vizianagaram", "1,49,441", "1,46,748", "1,31,843", "99,322", "95,090", "78,282"],
        [3, 3, "Visakhapatnam", "1,46,432", "1,66,813", "1,60,883", "1,02,236", "1,09,599", "98,914"],
        [4, 4, "East Godavari", "1,32,694", "1,60,064", "1,52,634", "86,924", "1,00,888", "89,308"],
        [5, 5, "West Godavari", "1,29,238", "1,56,409", "1,55,515", "87,586", "1,00,362", "93,672"],
        [6, 6, "Krishna", "1,12,997", "1,50,406", "1,46,723", "74,498", "94,909", "84,742"],
        [7, 7, "Guntur", "1,80,401", "1,89,659", "1,70,353", "1,27,162", "1,26,860", "1,06,184"],
        [8, 8, "Prakasam", "2,57,006", "2,42,973", "2,15,612", "1,62,786", "1,51,324", "1,26,461"],
        [9, 9, "Sri Potti Sriramulu Nell*", "1,68,302", "1,93,498", "1,79,112", "1,17,963", "1,26,749", "1,04,865"],
        [10, 10, "Chittoor", "1,35,909", "1,37,644", "1,48,711", "87,519", "85,671", "83,560"],
        [11, 11, "Y.S.R.", "1,25,151", "1,55,640", "1,71,111", "84,739", "98,727", "1,01,090"],
        [12, 12, "Anantapur", "1,25,271", "1,40,819", "1,30,821", "87,054", "92,644", "81,295"],
        [13, 13, "Kurnool", "1,62,279", "1,69,010", "1,79,908", "1,11,273", "1,10,119", "1,10,568"]
    ]
}
