{
    "fields": [{"type":"int","id":"_id"},{"type":"numeric","id":"Sl No"},{"type":"text","id":"District Name"},{"type":"text","id":"Per-capita Income Current Prices 2018-19 (in Lakh) (TRE)"},{"type":"text","id":"Per-capita Income Current Prices 2019-20 (in Lakh) (SRE)"},{"type":"text","id":"Per-capita Income Current Prices 2020-21 (in Lakh) (FRE)"},{"type":"text","id":"Per-capita Income Constant Prices 2018-19 (in Lakh) (TRE)"},{"type":"text","id":"Per-capita Income Constant Prices 2019-20 (in Lakh) (SRE)"},{"type":"text","id":"Per-capita Income Constant Prices 2020-21 (in Lakh) (FRE)"}],
    "records": [
      [1, 1, "Tawang", "12345", "23456", "34567", "45678", "56789", "67890"],
      [2, 2, "West Kameng", "23456", "34567", "45678", "56789", "67890", "78901"],
      [3, 3, "East Kameng", "34567", "45678", "56789", "67890", "78901", "89012"],
      [4, 4, "Papum Pare", "45678", "56789", "67890", "78901", "89012", "90123"],
      [5, 5, "Kurung Kumey", "56789", "67890", "78901", "89012", "90123", "12345"],
      [6, 6, "Kra Daadi", "67890", "78901", "89012", "90123", "12345", "23456"],
      [7, 7, "Lower Subansiri", "78901", "89012", "90123", "12345", "23456", "34567"],
      [8, 8, "Upper Subansiri", "89012", "90123", "12345", "23456", "34567", "45678"],
      [9, 9, "West Siang", "90123", "12345", "23456", "34567", "45678", "56789"],
      [10, 10, "East Siang", "12345", "23456", "34567", "45678", "56789", "67890"],
      [11, 11, "Siang", "23456", "34567", "45678", "56789", "67890", "78901"],
      [12, 12, "Upper Siang", "34567", "45678", "56789", "67890", "78901", "89012"],
      [13, 13, "Lower Siang", "45678", "56789", "67890", "78901", "89012", "90123"],
      [14, 14, "Lower Dibang Valley", "56789", "67890", "78901", "89012", "90123", "12345"],
      [15, 15, "Dibang Valley", "67890", "78901", "89012", "90123", "12345", "23456"],
      [16, 16, "Anjaw", "78901", "89012", "90123", "12345", "23456", "34567"],
      [17, 17, "Lohit", "89012", "90123", "12345", "23456", "34567", "45678"],
      [18, 18, "Namsai", "90123", "12345", "23456", "34567", "45678", "56789"],
      [19, 19, "Changlang", "12345", "23456", "34567", "45678", "56789", "67890"],
      [20, 20, "Tirap", "23456", "34567", "45678", "56789", "67890", "78901"],
      [21, 21, "Longding", "34567", "45678", "56789", "67890", "78901", "89012"],
      [22, 22, "Pakke Kessang", "45678", "56789", "67890", "78901", "89012", "90123"],
      [23, 23, "Lepa Rada", "56789", "67890", "78901", "89012", "90123", "12345"],
      [24, 24, "Shi Yomi", "67890", "78901", "89012", "90123", "12345", "23456"]
    ]
    
  }
  