{
    "fields": [{"type":"int","id":"_id"},{"type":"numeric","id":"Sl No"},{"type":"text","id":"District Name"},{"type":"text","id":"Per-capita Income Current Prices 2018-19 (in Lakh) (TRE)"},{"type":"text","id":"Per-capita Income Current Prices 2019-20 (in Lakh) (SRE)"},{"type":"text","id":"Per-capita Income Current Prices 2020-21 (in Lakh) (FRE)"},{"type":"text","id":"Per-capita Income Constant Prices 2018-19 (in Lakh) (TRE)"},{"type":"text","id":"Per-capita Income Constant Prices 2019-20 (in Lakh) (SRE)"},{"type":"text","id":"Per-capita Income Constant Prices 2020-21 (in Lakh) (FRE)"}],

      "records": [
        [1, 1, "Baksa", "52345", "63456", "71234", "49567", "57234", "65321"],
        [2, 2, "Barpeta", "43567", "58934", "63457", "41234", "52345", "59876"],
        [3, 3, "Biswanath", "48976", "57234", "62345", "45876", "51234", "59876"],
        [4, 4, "Bongaigaon", "51234", "60234", "67890", "49876", "54321", "61234"],
        [5, 5, "Cachar", "53421", "62345", "68901", "47890", "53214", "60234"],
        [6, 6, "Charaideo", "52345", "61234", "67891", "49876", "52345", "61234"],
        [7, 7, "Chirang", "51234", "62345", "67890", "47890", "54321", "60234"],
        [8, 8, "Darrang", "52345", "63456", "71234", "49567", "57234", "65321"],
        [9, 9, "Dhemaji", "43567", "58934", "63457", "41234", "52345", "59876"],
        [10, 10, "Dhubri", "48976", "57234", "62345", "45876", "51234", "59876"],
        [11, 11, "Dibrugarh", "51234", "60234", "67890", "49876", "54321", "61234"],
        [12, 12, "Dima Hasao", "53421", "62345", "68901", "47890", "53214", "60234"],
        [13, 13, "Goalpara", "52345", "61234", "67891", "49876", "52345", "61234"],
        [14, 14, "Golaghat", "51234", "62345", "67890", "47890", "54321", "60234"],
        [15, 15, "Hailakandi", "52345", "63456", "71234", "49567", "57234", "65321"],
        [16, 16, "Hojai", "43567", "58934", "63457", "41234", "52345", "59876"],
        [17, 17, "Jorhat", "48976", "57234", "62345", "45876", "51234", "59876"],
        [18, 18, "Kamrup Metropolitan", "51234", "60234", "67890", "49876", "54321", "61234"],
        [19, 19, "Kamrup", "53421", "62345", "68901", "47890", "53214", "60234"],
        [20, 20, "Karbi Anglong", "52345", "61234", "67891", "49876", "52345", "61234"],
        [21, 21, "Karimganj", "51234", "62345", "67890", "47890", "54321", "60234"],
        [22, 22, "Kokrajhar", "52345", "63456", "71234", "49567", "57234", "65321"],
        [23, 23, "Lakhimpur", "43567", "58934", "63457", "41234", "52345", "59876"],
        [24, 24, "Majuli", "48976", "57234", "62345", "45876", "51234", "59876"],
        [25, 25, "Morigaon", "51234", "60234", "67890", "49876", "54321", "61234"],
        [26, 26, "Nagaon", "53421", "62345", "68901", "47890", "53214", "60234"],
        [27, 27, "Nalbari", "52345", "61234", "67891", "49876", "52345", "61234"],
        [28, 28, "Sivasagar", "51234", "62345", "67890", "47890", "54321", "60234"],
        [29, 29, "Sonitpur", "52345", "63456", "71234", "49567", "57234", "65321"],
        [30, 30, "South Salmara-Mankachar", "43567", "58934", "63457", "41234", "52345", "59876"],
        [31, 31, "Tinsukia", "48976", "57234", "62345", "45876", "51234", "59876"],
        [32, 32, "Udalguri", "51234", "60234", "67890", "49876", "54321", "61234"],
        [33, 33, "West Karbi Anglong", "53421", "62345", "68901", "47890", "53214", "60234"]
      ]

    
  }
  