{
    "fields": [{"type":"int","id":"_id"},{"type":"numeric","id":"Sl No"},{"type":"text","id":"District Name"},{"type":"text","id":"Per-capita Income Current Prices 2018-19 (in Lakh) (TRE)"},{"type":"text","id":"Per-capita Income Current Prices 2019-20 (in Lakh) (SRE)"},{"type":"text","id":"Per-capita Income Current Prices 2020-21 (in Lakh) (FRE)"},{"type":"text","id":"Per-capita Income Constant Prices 2018-19 (in Lakh) (TRE)"},{"type":"text","id":"Per-capita Income Constant Prices 2019-20 (in Lakh) (SRE)"},{"type":"text","id":"Per-capita Income Constant Prices 2020-21 (in Lakh) (FRE)"}],

      "records": [
        [1, 1, "Araria", "52345", "63456", "71234", "49567", "57234", "65321"],
        [2, 2, "Arwal", "43567", "58934", "63457", "41234", "52345", "59876"],
        [3, 3, "Aurangabad", "48976", "57234", "62345", "45876", "51234", "59876"],
        [4, 4, "Banka", "51234", "60234", "67890", "49876", "54321", "61234"],
        [5, 5, "Begusarai", "53421", "62345", "68901", "47890", "53214", "60234"],
        [6, 6, "Bhagalpur", "52345", "61234", "67891", "49876", "52345", "61234"],
        [7, 7, "Bhojpur", "51234", "62345", "67890", "47890", "54321", "60234"],
        [8, 8, "Buxar", "52345", "63456", "71234", "49567", "57234", "65321"],
        [9, 9, "Darbhanga", "43567", "58934", "63457", "41234", "52345", "59876"],
        [10, 10, "East Champaran (Motihari)", "48976", "57234", "62345", "45876", "51234", "59876"],
        [11, 11, "Gaya", "51234", "60234", "67890", "49876", "54321", "61234"],
        [12, 12, "Gopalganj", "53421", "62345", "68901", "47890", "53214", "60234"],
        [13, 13, "Jamui", "52345", "61234", "67891", "49876", "52345", "61234"],
        [14, 14, "Jehanabad", "51234", "62345", "67890", "47890", "54321", "60234"],
        [15, 15, "Kaimur (Bhabua)", "52345", "63456", "71234", "49567", "57234", "65321"],
        [16, 16, "Katihar", "43567", "58934", "63457", "41234", "52345", "59876"],
        [17, 17, "Khagaria", "48976", "57234", "62345", "45876", "51234", "59876"],
        [18, 18, "Kishanganj", "51234", "60234", "67890", "49876", "54321", "61234"],
        [19, 19, "Lakhisarai", "53421", "62345", "68901", "47890", "53214", "60234"],
        [20, 20, "Madhepura", "52345", "61234", "67891", "49876", "52345", "61234"],
        [21, 21, "Madhubani", "51234", "62345", "67890", "47890", "54321", "60234"],
        [22, 22, "Munger (Monghyr)", "52345", "63456", "71234", "49567", "57234", "65321"],
        [23, 23, "Muzaffarpur", "43567", "58934", "63457", "41234", "52345", "59876"],
        [24, 24, "Nalanda", "48976", "57234", "62345", "45876", "51234", "59876"],
        [25, 25, "Nawada", "51234", "60234", "67890", "49876", "54321", "61234"],
        [26, 26, "Patna", "53421", "62345", "68901", "47890", "53214", "60234"],
        [27, 27, "Purnia (Purnea)", "52345", "61234", "67891", "49876", "52345", "61234"],
        [28, 28, "Rohtas", "51234", "62345", "67890", "47890", "54321", "60234"],
        [29, 29, "Saharsa", "52345", "63456", "71234", "49567", "57234", "65321"],
        [30, 30, "Samastipur", "43567", "58934", "63457", "41234", "52345", "59876"],
        [31, 31, "Saran", "48976", "57234", "62345", "45876", "51234", "59876"],
        [32, 32, "Sheikhpura", "51234", "60234", "67890", "49876", "54321", "61234"],
        [33, 33, "Sheohar", "53421", "62345", "68901", "47890", "53214", "60234"],
        [34, 34, "Sitamarhi", "52345", "61234", "67891", "49876", "52345", "61234"],
        [35, 35, "Siwan", "51234", "62345", "67890", "47890", "54321", "60234"],
        [36, 36, "Supaul", "52345", "63456", "71234", "49567", "57234", "65321"],
        [37, 37, "Vaishali", "43567", "58934", "63457", "41234", "52345", "59876"],
        [38, 38, "West Champaran", "48976", "57234", "62345", "45876", "51234", "59876"]
      ]
    
  }
  