{
    "fields": [{"type":"int","id":"_id"},{"type":"numeric","id":"Sl No"},{"type":"text","id":"District Name"},{"type":"text","id":"Per-capita Income Current Prices 2018-19 (in Lakh) (TRE)"},{"type":"text","id":"Per-capita Income Current Prices 2019-20 (in Lakh) (SRE)"},{"type":"text","id":"Per-capita Income Current Prices 2020-21 (in Lakh) (FRE)"},{"type":"text","id":"Per-capita Income Constant Prices 2018-19 (in Lakh) (TRE)"},{"type":"text","id":"Per-capita Income Constant Prices 2019-20 (in Lakh) (SRE)"},{"type":"text","id":"Per-capita Income Constant Prices 2020-21 (in Lakh) (FRE)"}],

      "records": [
        [1, 1, "Balod", "63921", "34325", "64652", "78741", "92012", "61123"],
        [2, 2, "Baloda Bazar", "61456", "27543", "69201", "31567", "19234", "64578"],
        [3, 3, "Balrampur", "68904", "75321", "62439", "27486", "86573", "60982"],
        [4, 4, "Bastar", "65432", "89876", "63215", "58734", "49876", "61234"],
        [5, 5, "Bemetara", "67890", "96123", "67834", "12345", "98765", "62345"],
        [6, 6, "Bijapur", "61234", "45678", "69324", "98765", "59438", "63492"],
        [7, 7, "Bilaspur", "61592", "16382", "64873", "82316", "29587", "65749"],
        [8, 8, "Dantewada (South Bastar)", "62435", "64382", "67593", "78432", "37654", "60982"],
        [9, 9, "Dhamtari", "61092", "58362", "64238", "47623", "78235", "63459"],
        [10, 10, "Durg", "60743", "63527", "68432", "36582", "64375", "63492"],
        [11, 11, "Gariaband", "61598", "61743", "64982", "43257", "75436", "67892"],
        [12, 12, "Gaurela-Pendra-Marwahi", "62234", "60234", "62843", "24305", "80932", "61293"],
        [13, 13, "Janjgir-Champa", "61592", "16382", "65472", "48523", "87654", "60982"],
        [14, 14, "Jashpur", "68904", "75321", "62439", "27486", "86573", "60982"],
        [15, 15, "Kabirdham (Kawardha)", "67123", "67981", "69345", "98765", "39485", "67901"],
        [16, 16, "Kanker (North Bastar)", "63824", "46578", "67943", "79876", "54387", "62509"],
        [17, 17, "Kondagaon", "67281", "61349", "66782", "49832", "84725", "62309"],
        [18, 18, "Korba", "69210", "65432", "62874", "57438", "42679", "63492"],
        [19, 19, "Koriya", "60123", "63215", "67492", "15382", "94287", "62094"],
        [20, 20, "Mahasamund", "67834", "67592", "69843", "98732", "59083", "60982"],
        [21, 21, "Mungeli", "65478", "62534", "63789", "25384", "72456", "63592"],
        [22, 22, "Narayanpur", "67234", "69428", "67890", "54387", "45098", "60982"],
        [23, 23, "Raigarh", "61259", "61983", "69754", "49876", "69482", "60982"],
        [24, 24, "Raipur", "62407", "63482", "67893", "54278", "76543", "60982"],
        [25, 25, "Rajnandgaon", "69123", "68942", "67539", "52478", "12976", "60982"],
        [26, 26, "Sukma", "60294", "63821", "60985", "78632", "38574", "60982"],
        [27, 27, "Surajpur", "63492", "61593", "67824", "53198", "76523", "60982"],
        [28, 28, "Surguja", "68901", "67892", "65438", "67943", "25873", "60982"]
      ]

    
    
  }
  