{
    "fields": [{"type":"int","id":"_id"},{"type":"numeric","id":"Sl No"},{"type":"text","id":"District Name"},{"type":"text","id":"Per-capita Income Current Prices 2018-19 (in Lakh) (TRE)"},{"type":"text","id":"Per-capita Income Current Prices 2019-20 (in Lakh) (SRE)"},{"type":"text","id":"Per-capita Income Current Prices 2020-21 (in Lakh) (FRE)"},{"type":"text","id":"Per-capita Income Constant Prices 2018-19 (in Lakh) (TRE)"},{"type":"text","id":"Per-capita Income Constant Prices 2019-20 (in Lakh) (SRE)"},{"type":"text","id":"Per-capita Income Constant Prices 2020-21 (in Lakh) (FRE)"}],

      "records": [
        [1, 1, "Ambala", "12345", "23456", "34567", "45678", "56789", "67890"],
        [2, 2, "Bhiwani", "23456", "34567", "45678", "56789", "67890", "12345"],
        [3, 3, "Charki Dadri", "34567", "45678", "56789", "67890", "12345", "23456"],
        [4, 4, "Faridabad", "45678", "56789", "67890", "12345", "23456", "34567"],
        [5, 5, "Fatehabad", "56789", "67890", "12345", "23456", "34567", "45678"],
        [6, 6, "Gurugram", "67890", "12345", "23456", "34567", "45678", "56789"],
        [7, 7, "Hisar", "78901", "23456", "34567", "45678", "56789", "67890"],
        [8, 8, "Jhajjar", "89012", "34567", "45678", "56789", "67890", "12345"],
        [9, 9, "Jind", "90123", "45678", "56789", "67890", "12345", "23456"],
        [10, 10, "Kaithal", "11223", "56789", "67890", "12345", "23456", "34567"],
        [11, 11, "Karnal", "33445", "67890", "12345", "23456", "34567", "45678"],
        [12, 12, "Kurukshetra", "55667", "78901", "23456", "34567", "45678", "56789"],
        [13, 13, "Mahendragarh", "77889", "89012", "34567", "45678", "56789", "67890"],
        [14, 14, "Nuh", "99011", "12345", "45678", "56789", "67890", "12345"],
        [15, 15, "Palwal", "11223", "23456", "56789", "67890", "12345", "23456"],
        [16, 16, "Panchkula", "33445", "34567", "67890", "12345", "23456", "34567"],
        [17, 17, "Panipat", "55667", "45678", "12345", "23456", "34567", "45678"],
        [18, 18, "Rewari", "77889", "56789", "23456", "34567", "45678", "56789"],
        [19, 19, "Rohtak", "99011", "67890", "34567", "45678", "56789", "67890"],
        [20, 20, "Sirsa", "11223", "78901", "45678", "56789", "67890", "12345"],
        [21, 21, "Sonipat", "33445", "89012", "56789", "67890", "12345", "23456"],
        [22, 22, "Yamunanagar", "55667", "12345", "67890", "12345", "23456", "34567"]
      ]
    
  }
  