{
    "fields": [{"type": "int", "id": "_id"}, {"type": "numeric", "id": "Sl No"}, {"type": "text", "id": "District Name"}, {"type": "text", "id": "Per-capita Income Current Prices 2018-19 (in Lakh) (TRE)"}, {"type": "text", "id": "Per-capita Income Current Prices 2019-20 (in Lakh) (SRE)"}, {"type": "text", "id": "Per-capita Income Current Prices 2020-21 (in Lakh) (FRE)"}, {"type": "text", "id": "Per-capita Income Constant Prices 2018-19 (in Lakh) (TRE)"}, {"type": "text", "id": "Per-capita Income Constant Prices 2019-20 (in Lakh) (SRE)"}, {"type": "text", "id": "Per-capita Income Constant Prices 2020-21 (in Lakh) (FRE)"}],

      "records": [
        [1, 1, "Anantnag", "12345", "23456", "34567", "45678", "56789", "67890"],
        [2, 2, "Bandipora", "23456", "34567", "45678", "56789", "67890", "12345"],
        [3, 3, "Baramulla", "34567", "45678", "56789", "67890", "12345", "23456"],
        [4, 4, "Budgam", "45678", "56789", "67890", "12345", "23456", "34567"],
        [5, 5, "Doda", "56789", "67890", "12345", "23456", "34567", "45678"],
        [6, 6, "Ganderbal", "67890", "12345", "23456", "34567", "45678", "56789"],
        [7, 7, "Jammu", "12345", "23456", "34567", "45678", "56789", "67890"],
        [8, 8, "Kathua", "23456", "34567", "45678", "56789", "67890", "12345"],
        [9, 9, "Kishtwar", "34567", "45678", "56789", "67890", "12345", "23456"],
        [10, 10, "Kulgam", "45678", "56789", "67890", "12345", "23456", "34567"],
        [11, 11, "Kupwara", "56789", "67890", "12345", "23456", "34567", "45678"],
        [12, 12, "Poonch", "67890", "12345", "23456", "34567", "45678", "56789"],
        [13, 13, "Pulwama", "12345", "23456", "34567", "45678", "56789", "67890"],
        [14, 14, "Rajouri", "23456", "34567", "45678", "56789", "67890", "12345"],
        [15, 15, "Ramban", "34567", "45678", "56789", "67890", "12345", "23456"],
        [16, 16, "Reasi", "45678", "56789", "67890", "12345", "23456", "34567"],
        [17, 17, "Samba", "56789", "67890", "12345", "23456", "34567", "45678"],
        [18, 18, "Shopian", "67890", "12345", "23456", "34567", "45678", "56789"],
        [19, 19, "Srinagar", "12345", "23456", "34567", "45678", "56789", "67890"],
        [20, 20, "Udhampur", "23456", "34567", "45678", "56789", "67890", "12345"]
      ]
    
  }
  