{
    "fields": [{"type": "int", "id": "_id"}, {"type": "numeric", "id": "Sl No"}, {"type": "text", "id": "District Name"}, {"type": "text", "id": "Per-capita Income Current Prices 2018-19 (in Lakh) (TRE)"}, {"type": "text", "id": "Per-capita Income Current Prices 2019-20 (in Lakh) (SRE)"}, {"type": "text", "id": "Per-capita Income Current Prices 2020-21 (in Lakh) (FRE)"}, {"type": "text", "id": "Per-capita Income Constant Prices 2018-19 (in Lakh) (TRE)"}, {"type": "text", "id": "Per-capita Income Constant Prices 2019-20 (in Lakh) (SRE)"}, {"type": "text", "id": "Per-capita Income Constant Prices 2020-21 (in Lakh) (FRE)"}],
    "records": [
      [1, 1, "Lakshadweep", "23456", "34567", "45678", "56789", "67890", "78901"]
  ]
  }
  