{
    "fields": [{"type":"int","id":"_id"},{"type":"numeric","id":"Sl No"},{"type":"text","id":"District Name"},{"type":"text","id":"Per-capita Income Current Prices 2018-19 (in Lakh) (TRE)"},{"type":"text","id":"Per-capita Income Current Prices 2019-20 (in Lakh) (SRE)"},{"type":"text","id":"Per-capita Income Current Prices 2020-21 (in Lakh) (FRE)"},{"type":"text","id":"Per-capita Income Constant Prices 2018-19 (in Lakh) (TRE)"},{"type":"text","id":"Per-capita Income Constant Prices 2019-20 (in Lakh) (SRE)"},{"type":"text","id":"Per-capita Income Constant Prices 2020-21 (in Lakh) (FRE)"}],

      "records": [
          [1, 1, "Agar Malwa", "12345", "23456", "34567", "45678", "56789", "67890"],
          [2, 2, "Alirajpur", "23456", "34567", "45678", "56789", "67890", "78901"],
          [3, 3, "Anuppur", "34567", "45678", "56789", "67890", "78901", "89012"],
          [4, 4, "Ashoknagar", "45678", "56789", "67890", "78901", "89012", "90123"],
          [5, 5, "Balaghat", "56789", "67890", "78901", "89012", "90123", "12345"],
          [6, 6, "Barwani", "67890", "78901", "89012", "90123", "12345", "23456"],
          [7, 7, "Betul", "78901", "89012", "90123", "12345", "23456", "34567"],
          [8, 8, "Bhind", "89012", "90123", "12345", "23456", "34567", "45678"],
          [9, 9, "Bhopal", "90123", "12345", "23456", "34567", "45678", "56789"],
          [10, 10, "Burhanpur", "12345", "23456", "34567", "45678", "56789", "67890"],
          [11, 11, "Chhatarpur", "23456", "34567", "45678", "56789", "67890", "78901"],
          [12, 12, "Chhindwara", "34567", "45678", "56789", "67890", "78901", "89012"],
          [13, 13, "Damoh", "45678", "56789", "67890", "78901", "89012", "90123"],
          [14, 14, "Datia", "56789", "67890", "78901", "89012", "90123", "12345"],
          [15, 15, "Dewas", "67890", "78901", "89012", "90123", "12345", "23456"],
          [16, 16, "Dhar", "78901", "89012", "90123", "12345", "23456", "34567"],
          [17, 17, "Dindori", "89012", "90123", "12345", "23456", "34567", "45678"],
          [18, 18, "Guna", "90123", "12345", "23456", "34567", "45678", "56789"],
          [19, 19, "Gwalior", "12345", "23456", "34567", "45678", "56789", "67890"],
          [20, 20, "Harda", "23456", "34567", "45678", "56789", "67890", "78901"],
          [21, 21, "Hoshangabad", "34567", "45678", "56789", "67890", "78901", "89012"],
          [22, 22, "Indore", "45678", "56789", "67890", "78901", "89012", "90123"],
          [23, 23, "Jabalpur", "56789", "67890", "78901", "89012", "90123", "12345"],
          [24, 24, "Jhabua", "67890", "78901", "89012", "90123", "12345", "23456"],
          [25, 25, "Katni", "78901", "89012", "90123", "12345", "23456", "34567"],
          [26, 26, "Khandwa", "89012", "90123", "12345", "23456", "34567", "45678"],
          [27, 27, "Khargone", "90123", "12345", "23456", "34567", "45678", "56789"],
          [28, 28, "Mandla", "12345", "23456", "34567", "45678", "56789", "67890"],
          [29, 29, "Mandsaur", "23456", "34567", "45678", "56789", "67890", "78901"],
          [30, 30, "Morena", "34567", "45678", "56789", "67890", "78901", "89012"],
          [31, 31, "Narsinghpur", "45678", "56789", "67890", "78901", "89012", "90123"],
          [32, 32, "Neemuch", "56789", "67890", "78901", "89012", "90123", "12345"],
          [33, 33, "Panna", "67890", "78901", "89012", "90123", "12345", "23456"],
          [34, 34, "Raisen", "78901", "89012", "90123", "12345", "23456", "34567"],
          [35, 35, "Rajgarh", "89012", "90123", "12345", "23456", "34567", "45678"],
          [36, 36, "Ratlam", "90123", "12345", "23456", "34567", "45678", "56789"],
          [37, 37, "Rewa", "12345", "23456", "34567", "45678", "56789", "67890"],
          [38, 38, "Sagar", "23456", "34567", "45678", "56789", "67890", "78901"],
          [39, 39, "Satna", "34567", "45678", "56789", "67890", "78901", "89012"],
          [40, 40, "Sehore", "45678", "56789", "67890", "78901", "89012", "90123"],
          [41, 41, "Seoni", "56789", "67890", "78901", "89012", "90123", "12345"],
          [42, 42, "Shahdol", "67890", "78901", "89012", "90123", "12345", "23456"],
          [43, 43, "Shajapur", "78901", "89012", "90123", "12345", "23456", "34567"],
          [44, 44, "Sheopur", "89012", "90123", "12345", "23456", "34567", "45678"],
          [45, 45, "Shivpuri", "90123", "12345", "23456", "34567", "45678", "56789"],
          [46, 46, "Sidhi", "12345", "23456", "34567", "45678", "56789", "67890"],
          [47, 47, "Singrauli", "23456", "34567", "45678", "56789", "67890", "78901"],
          [48, 48, "Tikamgarh", "34567", "45678", "56789", "67890", "78901", "89012"],
          [49, 49, "Ujjain", "45678", "56789", "67890", "78901", "89012", "90123"],
          [50, 50, "Umaria", "56789", "67890", "78901", "89012", "90123", "12345"],
          [51, 51, "Vidisha", "67890", "78901", "89012", "90123", "12345", "23456"]
      ] 
  
  
  }
  
  
  