{
    "fields": [
      {"type": "int", "id": "_id"},
      {"type": "numeric", "id": "Sl No"},
      {"type": "text", "id": "District Name"},
      {"type": "text", "id": "Per-capita Income Current Prices 2018-19 (in Lakh) (TRE)"},
      {"type": "text", "id": "Per-capita Income Current Prices 2019-20 (in Lakh) (SRE)"},
      {"type": "text", "id": "Per-capita Income Current Prices 2020-21 (in Lakh) (FRE)"},
      {"type": "text", "id": "Per-capita Income Constant Prices 2018-19 (in Lakh) (TRE)"},
      {"type": "text", "id": "Per-capita Income Constant Prices 2019-20 (in Lakh) (SRE)"},
      {"type": "text", "id": "Per-capita Income Constant Prices 2020-21 (in Lakh) (FRE)"}
    ],
      "records": [
          [1, 1, "Ahmednagar", "12345", "23456", "34567", "45678", "56789", "67890"],
          [2, 2, "Akola", "23456", "34567", "45678", "56789", "67890", "78901"],
          [3, 3, "Amravati", "34567", "45678", "56789", "67890", "78901", "89012"],
          [4, 4, "Aurangabad", "45678", "56789", "67890", "78901", "89012", "90123"],
          [5, 5, "Beed", "56789", "67890", "78901", "89012", "90123", "12345"],
          [6, 6, "Bhandara", "67890", "78901", "89012", "90123", "12345", "23456"],
          [7, 7, "Buldhana", "78901", "89012", "90123", "12345", "23456", "34567"],
          [8, 8, "Chandrapur", "89012", "90123", "12345", "23456", "34567", "45678"],
          [9, 9, "Dhule", "90123", "12345", "23456", "34567", "45678", "56789"],
          [10, 10, "Gadchiroli", "12345", "23456", "34567", "45678", "56789", "67890"],
          [11, 11, "Gondia", "23456", "34567", "45678", "56789", "67890", "78901"],
          [12, 12, "Hingoli", "34567", "45678", "56789", "67890", "78901", "89012"],
          [13, 13, "Jalgaon", "45678", "56789", "67890", "78901", "89012", "90123"],
          [14, 14, "Jalna", "56789", "67890", "78901", "89012", "90123", "12345"],
          [15, 15, "Kolhapur", "67890", "78901", "89012", "90123", "12345", "23456"],
          [16, 16, "Latur", "78901", "89012", "90123", "12345", "23456", "34567"],
          [17, 17, "Mumbai City", "89012", "90123", "12345", "23456", "34567", "45678"],
          [18, 18, "Mumbai Suburban", "90123", "12345", "23456", "34567", "45678", "56789"],
          [19, 19, "Nagpur", "12345", "23456", "34567", "45678", "56789", "67890"],
          [20, 20, "Nanded", "23456", "34567", "45678", "56789", "67890", "78901"],
          [21, 21, "Nandurbar", "34567", "45678", "56789", "67890", "78901", "89012"],
          [22, 22, "Nashik", "45678", "56789", "67890", "78901", "89012", "90123"],
          [23, 23, "Osmanabad", "56789", "67890", "78901", "89012", "90123", "12345"],
          [24, 24, "Palghar", "67890", "78901", "89012", "90123", "12345", "23456"],
          [25, 25, "Parbhani", "78901", "89012", "90123", "12345", "23456", "34567"],
          [26, 26, "Pune", "89012", "90123", "12345", "23456", "34567", "45678"],
          [27, 27, "Raigad", "90123", "12345", "23456", "34567", "45678", "56789"],
          [28, 28, "Ratnagiri", "12345", "23456", "34567", "45678", "56789", "67890"],
          [29, 29, "Sangli", "23456", "34567", "45678", "56789", "67890", "78901"],
          [30, 30, "Satara", "34567", "45678", "56789", "67890", "78901", "89012"],
          [31, 31, "Sindhudurg", "45678", "56789", "67890", "78901", "89012", "90123"],
          [32, 32, "Solapur", "56789", "67890", "78901", "89012", "90123", "12345"],
          [33, 33, "Thane", "67890", "78901", "89012", "90123", "12345", "23456"],
          [34, 34, "Wardha", "78901", "89012", "90123", "12345", "23456", "34567"],
          [35, 35, "Washim", "89012", "90123", "12345", "23456", "34567", "45678"],
          [36, 36, "Yavatmal", "90123", "12345", "23456","34567", "45678", "56789"]
        ]

    
  
  }
  
  