{
  "fields": [{"type":"int","id":"_id"},{"type":"numeric","id":"Sl No"},{"type":"text","id":"District Name"},{"type":"text","id":"Per-capita Income Current Prices 2018-19 (in Lakh) (TRE)"},{"type":"text","id":"Per-capita Income Current Prices 2019-20 (in Lakh) (SRE)"},{"type":"text","id":"Per-capita Income Current Prices 2020-21 (in Lakh) (FRE)"},{"type":"text","id":"Per-capita Income Constant Prices 2018-19 (in Lakh) (TRE)"},{"type":"text","id":"Per-capita Income Constant Prices 2019-20 (in Lakh) (SRE)"},{"type":"text","id":"Per-capita Income Constant Prices 2020-21 (in Lakh) (FRE)"}],
  "records": [
    [1, 1, "Ajmer", "", "", "", "", "", ""],
    [2, 2, "Alwar", "", "", "", "", "", ""],
    [3, 3, "Banswara", "", "", "", "", "", ""],
    [4, 4, "Baran", "", "", "", "", "", ""],
    [5, 5, "Barmer", "", "", "", "", "", ""],
    [6, 6, "Bharatpur", "", "", "", "", "", ""],
    [7, 7, "Bhilwara", "", "", "", "", "", ""],
    [8, 8, "Bikaner", "", "", "", "", "", ""],
    [9, 9, "Bundi", "", "", "", "", "", ""],
    [10, 10, "Chittorgarh", "", "", "", "", "", ""],
    [11, 11, "Churu", "", "", "", "", "", ""],
    [12, 12, "Dausa", "", "", "", "", "", ""],
    [13, 13, "Dholpur", "", "", "", "", "", ""],
    [14, 14, "Dungarpur", "", "", "", "", "", ""],
    [15, 15, "Ganganagar", "", "", "", "", "", ""],
    [16, 16, "Hanumangarh", "", "", "", "", "", ""],
    [17, 17, "Jaipur", "", "", "", "", "", ""],
    [18, 18, "Jaisalmer", "", "", "", "", "", ""],
    [19, 19, "Jalore", "", "", "", "", "", ""],
    [20, 20, "Jhalawar", "", "", "", "", "", ""],
    [21, 21, "Jhunjhunu", "", "", "", "", "", ""],
    [22, 22, "Jodhpur", "", "", "", "", "", ""],
    [23, 23, "Karauli", "", "", "", "", "", ""],
    [24, 24, "Kota", "", "", "", "", "", ""],
    [25, 25, "Nagaur", "", "", "", "", "", ""],
    [26, 26, "Pali", "", "", "", "", "", ""],
    [27, 27, "Pratapgarh", "", "", "", "", "", ""],
    [28, 28, "Rajsamand", "", "", "", "", "", ""],
    [29, 29, "Sawai Madhopur", "", "", "", "", "", ""],
    [30, 30, "Sikar", "", "", "", "", "", ""],
    [31, 31, "Sirohi", "", "", "", "", "", ""],
    [32, 32, "Tonk", "", "", "", "", "", ""],
    [33, 33, "Udaipur", "", "", "", "", "", ""]
  ]
}
