{
    "fields": [{"type":"int","id":"_id"},{"type":"numeric","id":"Sl No"},{"type":"text","id":"District Name"},{"type":"text","id":"Per-capita Income Current Prices 2018-19 (in Lakh) (TRE)"},{"type":"text","id":"Per-capita Income Current Prices 2019-20 (in Lakh) (SRE)"},{"type":"text","id":"Per-capita Income Current Prices 2020-21 (in Lakh) (FRE)"},{"type":"text","id":"Per-capita Income Constant Prices 2018-19 (in Lakh) (TRE)"},{"type":"text","id":"Per-capita Income Constant Prices 2019-20 (in Lakh) (SRE)"},{"type":"text","id":"Per-capita Income Constant Prices 2020-21 (in Lakh) (FRE)"}],
    "records": [
      [1, 1, "Ariyalur", "", "", "", "", "", ""],
      [2, 2, "Chengalpattu", "", "", "", "", "", ""],
      [3, 3, "Chennai", "", "", "", "", "", ""],
      [4, 4, "Coimbatore", "", "", "", "", "", ""],
      [5, 5, "Cuddalore", "", "", "", "", "", ""],
      [6, 6, "Dharmapuri", "", "", "", "", "", ""],
      [7, 7, "Dindigul", "", "", "", "", "", ""],
      [8, 8, "Erode", "", "", "", "", "", ""],
      [9, 9, "Kallakurichi", "", "", "", "", "", ""],
      [10, 10, "Kancheepuram", "", "", "", "", "", ""],
      [11, 11, "Kanyakumari", "", "", "", "", "", ""],
      [12, 12, "Karur", "", "", "", "", "", ""],
      [13, 13, "Krishnagiri", "", "", "", "", "", ""],
      [14, 14, "Madurai", "", "", "", "", "", ""],
      [15, 15, "Nagapattinam", "", "", "", "", "", ""],
      [16, 16, "Namakkal", "", "", "", "", "", ""],
      [17, 17, "Nilgiris", "", "", "", "", "", ""],
      [18, 18, "Perambalur", "", "", "", "", "", ""],
      [19, 19, "Pudukkottai", "", "", "", "", "", ""],
      [20, 20, "Ramanathapuram", "", "", "", "", "", ""],
      [21, 21, "Ranipet", "", "", "", "", "", ""],
      [22, 22, "Salem", "", "", "", "", "", ""],
      [23, 23, "Sivaganga", "", "", "", "", "", ""],
      [24, 24, "Tenkasi", "", "", "", "", "", ""],
      [25, 25, "Thanjavur", "", "", "", ""],
      [26, 26, "Theni", "", "", "", "", "", ""],
      [27, 27, "Thoothukudi", "", "", "", "", "", ""],
      [28, 28, "Tiruchirappalli", "", "", "", "", "", ""],
      [29, 29, "Tirunelveli", "", "", "", "", "", ""],
      [30, 30, "Tirupathur", "", "", "", "", "", ""],
      [31, 31, "Tiruppur", "", "", "", "", "", ""],
      [32, 32, "Tiruvallur", "", "", "", "", "", ""],
      [33, 33, "Tiruvannamalai", "", "", "", "", "", ""],
      [34, 34, "Tiruvarur", "", "", "", "", "", ""],
      [35, 35, "Vellore", "", "", "", "", "", ""],
      [36, 36, "Viluppuram", "", "", "", "", "", ""],
      [37, 37, "Virudhunagar", "", "", "", "", "", ""]
    ]
  }
    