{"fields":[{"type":"int","id":"_id"},{"type":"numeric","id":"Sl No"},{"type":"text","id":"District Name"},{"type":"text","id":"Per-capita Income Current Prices 2018-19 (in Lakh) (TRE)"},{"type":"text","id":"Per-capita Income Current Prices 2019-20 (in Lakh) (SRE)"},{"type":"text","id":"Per-capita Income Current Prices 2020-21 (in Lakh) (FRE)"},{"type":"text","id":"Per-capita Income Constant Prices 2018-19 (in Lakh) (TRE)"},{"type":"text","id":"Per-capita Income Constant Prices 2019-20 (in Lakh) (SRE)"},{"type":"text","id":"Per-capita Income Constant Prices 2020-21 (in Lakh) (FRE)"}],
"records":[
[1,1,"Agra","","","","","",""],
[2,2,"Aligarh","","","","","",""],
[3,3,"Prayagraj (Allahabad)","","","","","",""],
[4,4,"Ambedkar Nagar","","","","","",""],
[5,5,"Amethi","","","","","",""],
[6,6,"Amroha","","","","","",""],
[7,7,"Auraiya","","","","","",""],
[8,8,"Ayodhya (Faizabad)","","","","","",""],
[9,9,"Azamgarh","","","","","",""],
[10,10,"Baghpat","","","","","",""],
[11,11,"Bahraich","","","","","",""],
[12,12,"Ballia","","","","","",""],
[13,13,"Balrampur","","","","","",""],
[14,14,"Banda","","","","","",""],
[15,15,"Barabanki","","","","","",""],
[16,16,"Bareilly","","","","","",""],
[17,17,"Basti","","","","","",""],
[18,18,"Bhadohi","","","","","",""],
[19,19,"Bijnor","","","","","",""],
[20,20,"Budaun","","","","","",""],
[21,21,"Bulandshahr","","","","","",""],
[22,22,"Chandauli","","","","","",""],
[23,23,"Chitrakoot","","","","","",""],
[24,24,"Deoria","","","","","",""],
[25,25,"Etah","","","","","",""],
[26,26,"Etawah","","","","","",""],
[27,27,"Farrukhabad","","","","","",""],
[28,28,"Fatehpur","","","","","",""],
[29,29,"Firozabad","","","","","",""],
[30,30,"Gautam Buddha Nagar","","","","","",""],
[31,31,"Ghaziabad","","","","","",""],
[32,32,"Ghazipur","","","","","",""],
[33,33,"Gonda","","","","","",""],
[34,34,"Gorakhpur","","","","","",""],
[35,35,"Hamirpur","","","","","",""],
[36,36,"Hapur","","","","","",""],
[37,37,"Hardoi","","","","","",""],
[38,38,"Hathras","","","","","",""],
[39,39,"Jalaun","","","","","",""],
[40,40,"Jaunpur","","","","","",""],
[41,41,"Jhansi","","","","","",""],
[42,42,"Kannauj","","","","","",""],
[43,43,"Kanpur Dehat","","","","","",""],
[44,44,"Kanpur Nagar","","","","","",""],
[45,45,"Kasganj","","","","","",""],
[46,46,"Kaushambi","","","","","",""],
[47,47,"Kushinagar","","","","","",""],
[48,48,"Lakhimpur Kheri","","","","","",""],
[49,49,"Lalitpur","","","","","",""],
[50,50,"Lucknow","","","","","","","",""],
[51,51,"Maharajganj","","","","","",""],
[52,52,"Mahoba","","","","","",""],
[53,53,"Mainpuri","","","","","",""],
[54,54,"Mathura","","","","","",""],
[55,55,"Mau","","","","","",""],
[56,56,"Meerut","","","","","",""],
[57,57,"Mirzapur","","","","","",""],
[58,58,"Moradabad","","","","","",""],
[59,59,"Muzaffarnagar","","","","","",""],
[60,60,"Pilibhit","","","","","",""],
[61,61,"Pratapgarh","","","","","",""],
[62,62,"Raebareli","","","","","",""],
[63,63,"Rampur","","","","","",""],
[64,64,"Saharanpur","","","","","",""],
[65,65,"Sambhal","","","","","",""],
[66,66,"Sant Kabir Nagar","","","","","",""],
[67,67,"Shahjahanpur","","","","","",""],
[68,68,"Shamli","","","","","",""],
[69,69,"Shrawasti","","","","","",""],
[70,70,"Siddharthnagar","","","","","",""],
[71,71,"Sitapur","","","","","",""],
[72,72,"Sonbhadra","","","","","",""],
[73,73,"Sultanpur","","","","","",""],
[74,74,"Unnao","","","","","",""],
[75,75,"Varanasi","","","","","",""]
]}
